page_id	text	label	Pattern Category
1012	FLASH SALE | LIMITED TIME ONLY Shop Now	1	Urgency
158	Pillowcases & Shams	0	Not Dark Pattern
108	Write a review	0	Not Dark Pattern
1425	To start your return, simply click on the following button and add your return details. Once the form is filled, you will receive an email with shipping instructions for how to ship the item(s) to our warehouse.	0	Not Dark Pattern
1658	 newsletter signup (privacy policy) 	0	Not Dark Pattern
975	In demand	1	Scarcity
1469	We cannot guarantee door to door delivery for every customer. Buyers in remote areas such as farms, islands, mining camps, small towns, or out-of-towners, etc may need to collect from their nearest freight depot.	0	Not Dark Pattern
1570	Hurry! Only 2 left in stock	1	Scarcity
1617	In Stock only 3 left	1	Scarcity
108	International Shipping Policy	0	Not Dark Pattern
1333	Clothes, Shoes & Accessories	0	Not Dark Pattern
1199	Hurry! Only 2 left	1	Scarcity
822	Primary Arms Scopes	0	Not Dark Pattern
1264	ONLY 8 LEFT	1	Scarcity
1609	MoTrail	0	Not Dark Pattern
776	LCD Ribbon Cables	0	Not Dark Pattern
1779	READY FOR YOUR NEXT AUTHENTIC NHL JERSEY?	0	Not Dark Pattern
1739	OUR BEST SELLING GOGGLE	1	Misdirection
98	1,142 people have added to cart recently	1	Social Proof
1438	Limited Availability	1	Scarcity
449	No thanks. I don't like free things...	1	Misdirection
975	In demand	1	Scarcity
1570	Hurry! Only 2 left in stock	1	Scarcity
496	HURRY! Only 3 left in stock	1	Scarcity
904	When you join the PetPlus Plan, you are given the option to purchase your membership on an annual or monthly basis and you are automatically enrolled in our recurring billing program. You may cancel at any time by contacting our customer service team.	1	Obstruction
896	No Worry Membership Renewal. We will bill your credit card on file at the introductory rate of $2.99 per month for the first year, for membership rewards and discounts. At the end of the introductory period, you'll be billed at the regular monthly rate of $3.99 per month.	1	Obstruction
926	After 1 year, subscription auto renews with fee. Review your account on a computer, tablet, smartphone, or equipment console.	1	Sneaking
931	Enjoy FREE shipping with WSJwine Advantage	1	Sneaking
917	Hugs and Kisses Rose Bouquet $44.99 Discount -$6.75 Delivery $13.99 Tax $3.46 Item Total $55.69	1	Sneaking
1766	Shipping Insurance Remove Insurance	1	Sneaking
1772	Purchase protection added	1	Sneaking
879	I would like to join Backstage Pass & agree to the Terms & Conditions & to receive emails & other promotional offers.	1	Forced Action
880	I agree to receive marketing emails from Natural Life and agree to our Privacy Policy and terms of use.	1	Forced Action
884	There is no commitment and no minimum to buy. Please note exact shipment times may vary. To customize this program or future shipments, call customer service anytime at 1-800-THICKEN (844-2536).	1	Obstruction
885	Members may cancel their Membership at any time during their Membership term and receive a full refund, less any benefits/savings received in their current Membership term.	1	Obstruction
889	If you wish to cancel a membership, please contact our Customer Services Department on UK: +44 808 164 8264	1	Obstruction
891	To cancel your order before it ships, call us.	1	Obstruction
893	You may cancel your VIP membership at any time by calling 1-866-337-0906 (open 24/7).	1	Obstruction
895	You may cancel or renew your membership to the VIP Program or find out more information about your VIP Program subscription by contacting support@grove.co.	1	Obstruction
898	You may cancel your JustFab VIP Membership at any time. There is absolutely no cancellation fee.	1	Obstruction
906	For more information about the VIP Rewards Club Membership, to purchase or terminate a membership, or to start or stop automatic renewal of a membership, contact Customer Service.	1	Obstruction
910	YOU MAY CANCEL YOUR WINE CLUB MEMBERSHIP OR ANY HOLIDAY SHIPMENTS AT ANY TIME BY CONTACTING US AT 1-877-975-9463, AND WE WILL PROMPTLY STOP PROCESSING THE RECURRING PAYMENTS.	1	Obstruction
912	CANCELLATION POLICY: If you are not completely satisfied, you can cancel your membership and discontinue your monthly payments at any time.	1	Obstruction
882	You may change the items in your order, or cancel the Smartship at anytime, up until 3 days prior to the scheduled ship date by calling Customer Service.	1	Obstruction
888	We will also send you an additional email confirming your renewal. Should you elect not to renew your Membership, you may cancel at any time prior to the renewal.	1	Obstruction
794	Members may cancel at any time by calling customer service.	1	Obstruction
905	ONLY $1.99 FOR YOUR FIRST SIX MONTHS, THEN EACH YEAR YOUR MEMBERSHIP WILL AUTOMATICALLY RENEW FOR $39.99 AND BE CHARGED TO YOUR CREDIT/DEBIT CARD ON FILE.	1	Obstruction
925	WOULD YOU LIKE A FREE NEXT DIRECTORY? By opting in you agree that we may send you, at our discretion, further Directories usually in January and July each year, at a charge.	1	Sneaking
927	Be part of the best family ever & enjoy 15% in VIP Benefits on every order. Join today for just $1.99 your first year.	1	Sneaking
1743	Subscribe & Save (15%): $ 16.99	1	Misdirection
1749	Subscribe & Save	1	Misdirection
142	Synne Kristine in Halden, bought Classic Bokksu Subscription (Billed Every 1 Month) (Ships every 1 Months) about 45 minutes ago	1	Social Proof
930	One year Netflix 'Standard' plan credit will be applied to your account on activation. At the end of your credit, you will be charged at your plan rate unless you cancel.	1	Sneaking
1785	We'd like to send you weekly emails packed full of our lovely products. You can unsubscribe at any time. If you DON'T want to receive these emails, please tick this box.	1	Misdirection
1789	We'd like to keep you informed via email about product updates. If you do not wish to be contacted via email, please ensure that the box is not checked.	1	Misdirection
1791	We'd love to send you emails with offers and new products but if you do not wish to receive these updates, please tick this box.	1	Misdirection
1793	If you click continue below we will tell you about discounts by e-mail and text, unless you tell us you DO NOT want to hear about them, by ticking here.	1	Misdirection
350	By clicking Sign Up, you agree to receive marketing text messages from Southern Tide at the number provided, including messages sent by autodialer.	0	Not Dark Pattern
803	We use cookies to improve our services, make personal offers, and enhance your experience. If you do not accept optional cookies below, your experience may be affected.	0	Not Dark Pattern
259	By clicking "Accept All Cookies", you agree to the storing of cookies on your device to enhance site navigation, analyze site usage, and assist in our marketing efforts.	0	Not Dark Pattern
627	When you visit any website, it may store or retrieve information on your browser, mostly in the form of cookies.	0	Not Dark Pattern
1423	These cookies are necessary for the website to function and cannot be switched off in our system.	0	Not Dark Pattern
1590	These cookies are usually set by our marketing and advertising partners.	0	Not Dark Pattern
264	We use cookies to give you the best experience possible. No personal information is stored.	0	Not Dark Pattern
1136	83% offers claimed. Hurry up!	1	Scarcity
1147	87% offers claimed. Hurry up!	1	Scarcity
1093	89% offers claimed. Hurry up!	1	Scarcity
1583	94% offers claimed. Hurry up!	1	Scarcity
1111	80% offers claimed. Hurry up!	1	Scarcity
1675	67% offers claimed. Hurry up!	1	Scarcity
1142	90% offers claimed. Hurry up!	1	Scarcity
1192	74% offers claimed. Hurry up!	1	Scarcity
1082	894 Claimed! Hurry, only a few left!	1	Scarcity
1691	803 Claimed! Hurry, only a few left!	1	Scarcity
1217	Hurry, only a few left!	1	Scarcity
1361	Hurry, Only a few left!	1	Scarcity
1110	HURRY! Only a few left in stock!	1	Scarcity
1240	Hurry! Only a few of these left	1	Scarcity
1610	Hurry! Less than 10 left!	1	Scarcity
1481	Less than 10 left!	1	Scarcity
1482	Less than 7 left!	1	Scarcity
1167	LESS THAN 5 LEFT!	1	Scarcity
1299	LESS THAN 8 LEFT IN STOCK!	1	Scarcity
1073	4 items left	1	Scarcity
1386	8 items left	1	Scarcity
1236	5 items left	1	Scarcity
1437	2 items left	1	Scarcity
1169	3 items left	1	Scarcity
946	Items in your cart are in high demand.	1	Scarcity
944	Items in your cart are in VERY high-demand.	1	Scarcity
955	Items in your cart are selling fast	1	Scarcity
965	Items in your cart are in high demand, but we have reserved your order.	1	Scarcity
933	An item you ordered is in high demand. No worries, we have reserved your order.	1	Scarcity
951	An item you ordered is in high demand. No worries, we have prioritized your order.	1	Scarcity
932	Selling fast!	1	Scarcity
974	Hurry, this style is selling fast!	1	Scarcity
977	Selling Fast	1	Scarcity
940	Will sell out fast!	1	Scarcity
966	Our items sell fast, don't miss out!	1	Scarcity
941	Strong demand! Complete your order before it's too late!	1	Scarcity
947	Extremely high demand: expect 2-4 weeks for it to arrive. Limit 4 per person!	1	Scarcity
949	High demand	1	Scarcity
950	HIGH DEMAND	1	Scarcity
953	This item is in high demand.	1	Scarcity
971	IN HIGH DEMAND!	1	Scarcity
521	Your order is reserved for 09:54 minutes!	1	Urgency
510	Your order is reserved for 09:14 minutes! 	1	Urgency
494	Your order is reserved for 08:48 minutes!	1	Urgency
485	Your order is reserved for 09:45 minutes!	1	Urgency
505	Your order is reserved for 09:35 minutes!	1	Urgency
528	Your order is reserved for 09:57 minutes!	1	Urgency
826	Your order is reserved for 09:43 minutes!	1	Urgency
826	Your order is reserved for 09:43 minutes!	1	Urgency
758	Your order is reserved for 07:28 minutes!	1	Urgency
598	Your order is prioritized for 13:22 minutes!	1	Urgency
552	Cart will expire in 08:19 minutes!	1	Urgency
504	Cart will expire in 04:53 minutes!	1	Urgency
683	Your Cart Will Expire In 09:58 minutes! Please note that these items may not be available again if you release them.	1	Urgency
526	Your cart is reserved for 14:57 minutes!	1	Urgency
517	Your cart is reserved for 09:35 minutes.	1	Urgency
634	Checkout within 04:10 so we don't run out of stock!	1	Urgency
498	Due To HIGH Demand, Cart Expires In: 08:41	1	Urgency
840	Items reserved for 15:00	1	Urgency
815	Your order has been reserved for	1	Urgency
230	Hair type: Curly	0	Not Dark Pattern
230	Hair type: Wavy	0	Not Dark Pattern
203	Shop All	0	Not Dark Pattern
209	Trousers & Chinos	0	Not Dark Pattern
766	Universal Fit Collapsible Smart Phone Stand	0	Not Dark Pattern
767	Screen print graphics	0	Not Dark Pattern
414	Whey Protein Isolate	0	Not Dark Pattern
1044	Returns an Item	0	Not Dark Pattern
765	Returns Information	0	Not Dark Pattern
190	Log in / Create an account	0	Not Dark Pattern
190	Already have an account?	0	Not Dark Pattern
754	We don't give out your details to third parties.	0	Not Dark Pattern
414	Product Info	0	Not Dark Pattern
109	Add to Cart	0	Not Dark Pattern
246	 Add to Cart 	0	Not Dark Pattern
113	 - +	0	Not Dark Pattern
790	 Item added to cart. View cart and check out. Close 	0	Not Dark Pattern
724	Your shopping cart is empty.	0	Not Dark Pattern
1351	You have no items in your basket.	0	Not Dark Pattern
1434	Your shopping bag is empty...	0	Not Dark Pattern
353	 New Arrivals	0	Not Dark Pattern
1536	Womens Platform Shoes	0	Not Dark Pattern
1536	Black Jeans	0	Not Dark Pattern
1536	Boys Purple School Uniforms	0	Not Dark Pattern
1009	Speed Lace Accessory Kit - Orange	0	Not Dark Pattern
719	JFN V Neck Lace Cut-Out Basic T-Shirt/Tee	0	Not Dark Pattern
1044	Extra Soft Cleansing Wipes	0	Not Dark Pattern
1044	Patient Transfer Devices	0	Not Dark Pattern
1044	Pillow & Foam Bed Wedges	0	Not Dark Pattern
1044	Auto Delivery Program	0	Not Dark Pattern
1293	Products are automatically delivered on your schedule. No obligation, modify or cancel your subscription anytime. 	0	Not Dark Pattern
886	Ketolent subscriptions have no long term contracts. Pause, cancel, or change at any time. No problem!	1	Obstruction
907	SAA Standard Membership - Credit/Debit Card - Automatic Annual Fee	0	Not Dark Pattern
1741	Would you like to purchase an Extended Protection Plan?	1	Misdirection
1708	Don't forget the essentials Get up to 2 years of accidental damage coverage with AppleCare+.	1	Misdirection
1704	PROTECT YOUR SOFA! Why not add Castelan Fabric Protection to cover your new couch for just just £80?	1	Misdirection
1765	Did you know that Shaver heads need replacing every 12 - 18 months? Get the Shaver Guard cleaning spray to extend its life.	1	Misdirection
1710	ADD WORLD'S MOST COMFORTABLE CHAIRS	1	Misdirection
1725	ADD FOR BETTER RESULTS	1	Misdirection
1717	Add and save!	1	Misdirection
1713	Add to Your Gift and We'll Ship it For Free!	1	Misdirection
1723	Add on something to make it extra special!	1	Misdirection
1732	Protect Your Gear	1	Misdirection
1729	Lenscap: Damage Only	1	Misdirection
1745	With 1-year Care Subscription 10 days history	1	Misdirection
384	No thanks, I'll pay full price	1	Misdirection
385	No thanks, I'll still want to pay full price	1	Misdirection
388	NO THANKS, I'D RATHER PAY FULL PRICE	1	Misdirection
389	No Thanks, I Prefer Paying Full Price	1	Misdirection
391	No Thanks, I'd Rather Pay Full Price	1	Misdirection
392	No, thanks. I'd prefer not to save.	1	Misdirection
395	Nah, I like paying full price	1	Misdirection
396	No thanks - I don't want to save money	1	Misdirection
397	I DON'T LIKE FREE GIFTS, NO THANKS	1	Misdirection
401	I'd rather pay full price	1	Misdirection
404	No Thanks, I Don't Want a Discount	1	Misdirection
407	No Thanks, I Don't Want a Free Gift	1	Misdirection
408	No thanks, I want to pay full price	1	Misdirection
411	No thanks, I'm not interested	1	Misdirection
412	No thank you, I prefer to pay full price	1	Misdirection
415	NO THANKS, I'll PAY FULL PRICE	1	Misdirection
417	No thanks. I'd rather pay full price.	1	Misdirection
418	No, I'd rather pay full price.	1	Misdirection
420	No Thanks, I don't like exclusive deals.	1	Misdirection
421	No thanks, I don't want the free gift.	1	Misdirection
423	No thanks, I'd rather pay full price.	1	Misdirection
424	No thanks, I don't like discounts	1	Misdirection
427	NO, THANKS. I DON'T LIKE DISCOUNTS 	1	Misdirection
428	NO THANKS, I DON'T WANT TO SAVE	1	Misdirection
429	No Thanks, I don't like free stuff.	1	Misdirection
430	No thanks, I don't like winning	1	Misdirection
432	I don't feel lucky	1	Misdirection
434	Yes, I Want To Save Money!No Thanks	1	Misdirection
435	I'D RATHER PAY FULL PRICE	1	Misdirection
436	No thanks. I prefer paying full price.	1	Misdirection
438	No thanks, I'd rather pay more	1	Misdirection
441	No thanks, free stuff isn't for me.	1	Misdirection
442	No Thanks, I'll Pay Full Price	1	Misdirection
443	No thanks. I don't want deals.	1	Misdirection
445	NO THANKS, I DON'T WANT 20% OFF MY ORDER	1	Misdirection
446	No thanks, I don't want a free gift.	1	Misdirection
449	No thanks. I don't like free things...	1	Misdirection
450	no thanks, I'll save money another day	1	Misdirection
452	No thanks, I don't like exclusive offers	1	Misdirection
453	No Thanks, I don't want a discount	1	Misdirection
454	No Thanks, I'd rather pay full price	1	Misdirection
455	No thanks, I like full price	1	Misdirection
457	No thanks, I'm not interested in saving money.	1	Misdirection
458	No Thanks, I'll let this offer sail away	1	Misdirection
459	I Don't Like to Save Money	1	Misdirection
460	No Thanks, I like paying full price.	1	Misdirection
465	No Thanks, I prefer paying full price.	1	Misdirection
471	No thanks, I don't like to save	1	Misdirection
473	No thanks, I'll be the last to know.	1	Misdirection
475	No, I Don't Like Discounts	1	Misdirection
477	No thanks, I don't like winning.	1	Misdirection
478	I don't want to save money	1	Misdirection
479	No thanks, I don't like savings	1	Misdirection
482	No thanks, I don't want to save up to 75%	1	Misdirection
1536	 Home / Black Tapered Belted Cigarette Trousers - Myasia 	0	Not Dark Pattern
1536	Toddler Boy Underwear and Undershirts	0	Not Dark Pattern
1536	Sale Coats and Jackets	0	Not Dark Pattern
1536	White Plus Size Clothing	0	Not Dark Pattern
1536	Almost Famous Jeans	0	Not Dark Pattern
1536	Plus Size Ripped Jeans	0	Not Dark Pattern
1536	Plus Size Graphic Tops	0	Not Dark Pattern
1536	Womens Plaid Clothing	0	Not Dark Pattern
1536	Color Block	0	Not Dark Pattern
1536	Striped Tops	0	Not Dark Pattern
1536	All Womens Accessories	0	Not Dark Pattern
1536	Jewelry and Watches	0	Not Dark Pattern
1536	Bottoms Deals	0	Not Dark Pattern
1536	Black Jewelry	0	Not Dark Pattern
1536	Boys Grey School Uniforms	0	Not Dark Pattern
1536	Boys Red School Uniforms	0	Not Dark Pattern
1536	Boys Green School Uniforms	0	Not Dark Pattern
1536	Sale Womens Clothing	0	Not Dark Pattern
1536	Home + Tech Almost Gone	0	Not Dark Pattern
1536	Shop Plus Shorts by Pattern	0	Not Dark Pattern
1536	Shop Tops by Pattern	0	Not Dark Pattern
1536	Shop Dresses by Occasion	0	Not Dark Pattern
1536	High-Waisted Shorts	0	Not Dark Pattern
1536	Boys Shorts	0	Not Dark Pattern
1536	Toddler Girl Jumpsuits and Rompers	0	Not Dark Pattern
1536	Baby Boy Jumpsuits and Rompers	0	Not Dark Pattern
1536	Tube Tops	0	Not Dark Pattern
1536	Crop Tops	0	Not Dark Pattern
1536	 Mobile Terms of Use 	0	Not Dark Pattern
